company_name,website,email,phone,country,industry,company_size,bio,achievements,why_vote_for_me,logo_url,category,nominator_name,nominator_email,nominator_company,nominator_job_title,nominator_phone,nominator_country
TechTalent Solutions,https://www.techtalent.com,info@techtalent.com,+1-555-123-4567,United States,Technology Recruitment,100-200 employees,"Leading technology recruitment agency specializing in AI, machine learning, and software engineering roles.","Placed 2000+ tech professionals in 2024, 95% client satisfaction, $100M+ in placements","Consistently delivers top-tier technology talent with exceptional speed and quality",https://techtalent.com/logo.png,top-staffing-company-usa,Sarah Johnson,sarah.j@client.com,Innovation Corp,Talent Director,+1-555-987-6543,United States
European Talent Hub,https://www.europetalent.com,contact@europetalent.com,+33-1-23-45-67-89,France,Executive Search,50-100 employees,"Premier executive search firm serving European markets with focus on C-level and senior management roles.","Completed 500+ executive searches, 98% success rate, average 45 days time-to-fill","Exceptional executive search capabilities with deep European market knowledge",https://europetalent.com/logo.png,top-staffing-company-europe,Michael Brown,michael.b@enterprise.com,Enterprise Solutions,CEO,+33-1-98-76-54-32,France
AI Staffing Pro,https://www.aistaffing.com,hello@aistaffing.com,+1-555-234-5678,United States,AI-Powered Recruitment,20-50 employees,"Revolutionary AI-driven staffing platform using machine learning to match candidates with perfect roles.","50% faster placements, 90% candidate satisfaction, 200% ROI for clients","Pioneering AI technology that transforms the recruitment experience",https://aistaffing.com/logo.png,top-ai-driven-staffing-platform,Jennifer Lee,jennifer.l@techcorp.com,TechCorp Industries,CTO,+1-555-345-6789,United States
Women Leaders Staffing,https://www.womenleaders.com,info@womenleaders.com,+1-555-345-6789,United States,Diversity Recruitment,30-50 employees,"Women-led staffing firm focused on promoting diversity and inclusion in the workplace.","Increased diversity hiring by 60% for clients, 100% women leadership team","Leading the charge in diversity and inclusion with measurable impact",https://womenleaders.com/logo.png,top-women-led-staffing-firm,Lisa Davis,lisa.d@diversity.com,Diversity First,Chief Diversity Officer,+1-555-456-7890,United States
RapidGrow Staffing,https://www.rapidgrow.com,growth@rapidgrow.com,+1-555-456-7890,United States,General Staffing,200-500 employees,"Fastest growing staffing firm with 300% revenue growth in the past 2 years.","300% revenue growth, expanded to 15 new markets, 5000+ placements","Exceptional growth trajectory with scalable business model",https://rapidgrow.com/logo.png,fastest-growing-staffing-firm,Robert Johnson,robert.j@investor.com,Growth Capital,Managing Partner,+1-555-567-8901,United States
Digital Experience Staffing,https://www.digitalexp.com,contact@digitalexp.com,+49-30-12345678,Germany,Digital Recruitment,75-100 employees,"Innovative staffing firm providing exceptional digital experience for both clients and candidates.","Award-winning digital platform, 99% user satisfaction, 40% faster hiring","Revolutionary digital experience that sets new industry standards",https://digitalexp.com/logo.png,top-digital-experience-for-clients,Thomas Mueller,thomas.m@digital.com,Digital Innovations,Head of Digital,+49-30-87654321,Germany
Staffing Podcast Network,https://www.staffingpodcast.com,podcast@staffingpodcast.com,+1-555-567-8901,United States,Media & Education,10-20 employees,"Leading staffing industry podcast network with 500K+ monthly listeners and top industry guests.","500K+ monthly listeners, 200+ episodes, top industry thought leaders","Most influential staffing podcast driving industry conversations",https://staffingpodcast.com/logo.png,best-staffing-podcast-or-show,Emma Thompson,emma.t@media.com,Staffing Media Group,Content Director,+1-555-678-9012,United States
Global Staffing Solutions,https://www.globalstaffing.com,global@globalstaffing.com,+44-20-1234-5678,United Kingdom,International Staffing,500+ employees,"Premier global staffing company operating in 25+ countries with comprehensive talent solutions.","Operating in 25+ countries, 50000+ placements annually, $500M+ revenue","Unmatched global reach and comprehensive talent solutions",https://globalstaffing.com/logo.png,top-global-staffing-company,Sophie Martin,sophie.m@multinational.com,Global Enterprises,Global HR Director,+44-20-8765-4321,United Kingdom
AI Platform Europe,https://www.aiplatform.eu,info@aiplatform.eu,+31-20-1234567,Netherlands,AI Technology,25-50 employees,"Leading European AI-driven staffing platform revolutionizing recruitment across European markets.","Serving 15 European countries, 80% faster matching, 95% accuracy rate","Most advanced AI recruitment technology in European market",https://aiplatform.eu/logo.png,top-ai-driven-platform-europe,James Wilson,james.w@eurotech.com,EuroTech Solutions,Innovation Director,+31-20-7654321,Netherlands
USA AI Recruiting,https://www.usaairecruiting.com,contact@usaairecruiting.com,+1-555-789-0123,United States,AI Recruitment Technology,50-75 employees,"Cutting-edge AI recruitment platform serving the North American market with advanced matching algorithms.","Processed 1M+ candidate profiles, 85% match accuracy, 60% faster hiring","Revolutionary AI technology specifically designed for the US recruitment market",https://usaairecruiting.com/logo.png,top-ai-driven-platform-usa,Rachel Anderson,rachel.a@techventures.com,Tech Ventures,Investment Director,+1-555-890-1234,United States
Premier Executive Search,https://www.premierexec.com,search@premierexec.com,+1-555-901-2345,United States,Executive Search,25-50 employees,"Top-tier executive search firm specializing in C-suite and board placements across multiple industries.","Completed 200+ C-level searches, 99% success rate, average $5M+ compensation","Unparalleled expertise in executive search with exceptional track record",https://premierexec.com/logo.png,top-staffing-company-usa,Carlos Rodriguez,carlos.r@fortune500.com,Fortune Enterprises,Board Member,+1-555-012-3456,United States
Nordic Talent Solutions,https://www.nordictalent.com,hello@nordictalent.com,+46-8-123-4567,Sweden,Nordic Recruitment,40-60 employees,"Leading Nordic recruitment firm serving Scandinavian markets with focus on tech and sustainability sectors.","Placed 1000+ professionals across Nordic countries, 92% client satisfaction","Deep Nordic market expertise with strong focus on sustainable business practices",https://nordictalent.com/logo.png,top-staffing-company-europe,Isabella Rossi,isabella.r@sustainability.com,Green Tech Nordic,Sustainability Director,+46-8-765-4321,Sweden
Asia Pacific Staffing,https://www.apstaffing.com,info@apstaffing.com,+65-6123-4567,Singapore,International Staffing,100-150 employees,"Premier staffing firm connecting Asia Pacific markets with global opportunities and talent.","Facilitated 5000+ cross-border placements, operating in 12 APAC countries","Leading cross-cultural staffing expertise bridging Asia Pacific with global markets",https://apstaffing.com/logo.png,top-global-staffing-company,Michael O'Connor,michael.o@asiapacific.com,APAC Enterprises,Regional Director,+65-6765-4321,Singapore